id	rate
06037	8.069511221
17031	6.1618018
36061	4.341140063
48201	4.285339165
04013	4.236992986
36059	3.722739924
06059	3.578406739
06073	3.523149293
12086	3.386232574
06085	3.300512957